Workbook

Sheet PL NO.
K1: EMS | N1: EMR | Q1: EWFPS | T1: SHIFT/EMS | W1: SHIFT/EMR | Z1: SHIFT/EWFPS | AC1: EGS
A2: MPC | B2: PL | C2: WARD | D2: CATEGORY | E2: SHORT DESCRIPTION | F2: UDM DESCRIPTION | G2: UNIT | H2: EAR UDM | I2: STOCK BALANCE | J2: EAR WSC | K2: EAR | L2: DRAWN | M2: BALANCE | N2: EAR | O2: DRAWN | P2: BALANCE | Q2: EAR | R2: DRAWN | S2: BALANCE | T2: EAR | U2: DRAWN | V2: EAR BALANCE | W2: EAR | X2: DRAWN | Y2: EAR BALANCE | Z2: EAR | AA2: DRAWN | AB2: EAR BALANCE | AC2: EAR | AD2: DRAWN | AE2: EAR BALANCE | AF2: CONSUMPTION 23-24 | AG2: CONSUMPTION 24-25 | AH2: CONSUMPTION 25-26 | AI2: CONSUMPTION 26-27
A3: 1 | B3: 75201318 | C3: 23 | D3: 10 | E3: BLUE KNIT GLOVES | F3: BLUE KNIT GLOVES | G3: NO. | H3: 3600 | I3: 5087 | J3: =K3+N3+Q3+T3+W3+Z3+AC3 -> 3600 | K3: 0 | M3: =K3-L3 -> 0 | N3: 0 | P3: =N3-O3 -> 0 | Q3: 0 | S3: =Q3-R3 -> 0 | T3: 0 | V3: =T3-U3 -> 0 | W3: 0 | Y3: =W3-X3 -> 0 | Z3: 0 | AB3: =Z3-AA3 -> 0 | AC3: 3600 | AE3: =AC3-AD3 -> 3600
A4: 2 | B4: 75908426 | C4: 23 | D4: 10 | E4: INDUSTRIAL HELMET RED | F4: INDL. HELMET RED | G4: NO. | H4: 52 | I4: 976 | J4: =K4+N4+Q4+T4+W4+Z4+AC4 -> 52 | K4: 0 | M4: =K4-L4 -> 0 | N4: 0 | P4: =N4-O4 -> 0 | Q4: 0 | S4: =Q4-R4 -> 0 | T4: 0 | V4: =T4-U4 -> 0 | W4: 0 | Y4: =W4-X4 -> 0 | Z4: 0 | AB4: =Z4-AA4 -> 0 | AC4: 52 | AE4: =AC4-AD4 -> 52
A5: 3 | B5: 75908402 | C5: 23 | D5: 10 | E5: INDUSTRIAL HELMET WHITE | F5: INDL. HELMET WHITE | G5: NO. | H5: 28 | I5: 276 | J5: =K5+N5+Q5+T5+W5+Z5+AC5 -> 28 | K5: 0 | M5: =K5-L5 -> 0 | N5: 0 | P5: =N5-O5 -> 0 | Q5: 0 | S5: =Q5-R5 -> 0 | T5: 0 | V5: =T5-U5 -> 0 | W5: 0 | Y5: =W5-X5 -> 0 | Z5: 0 | AB5: =Z5-AA5 -> 0 | AC5: 28 | AE5: =AC5-AD5 -> 28
A6: 4 | B6: 75908700 | C6: 23 | D6: 10 | E6: EAR PLUGS | F6: EAR PLUGS | G6: NO. | H6: 3600 | I6: 42189 | J6: =K6+N6+Q6+T6+W6+Z6+AC6 -> 3600 | K6: 0 | M6: =K6-L6 -> 0 | N6: 0 | P6: =N6-O6 -> 0 | Q6: 0 | S6: =Q6-R6 -> 0 | T6: 0 | V6: =T6-U6 -> 0 | W6: 0 | Y6: =W6-X6 -> 0 | Z6: 0 | AB6: =Z6-AA6 -> 0 | AC6: 3600 | AE6: =AC6-AD6 -> 3600
A7: 5 | B7: 75909273 | C7: 23 | D7: 10 | E7: DUST RESPIRATER | F7: DUST RESPIRATER | G7: NO. | H7: 3600 | I7: 48887 | J7: =K7+N7+Q7+T7+W7+Z7+AC7 -> 3600 | K7: 0 | M7: =K7-L7 -> 0 | N7: 0 | P7: =N7-O7 -> 0 | Q7: 0 | S7: =Q7-R7 -> 0 | T7: 0 | V7: =T7-U7 -> 0 | W7: 0 | Y7: =W7-X7 -> 0 | Z7: 0 | AB7: =Z7-AA7 -> 0 | AC7: 3600 | AE7: =AC7-AD7 -> 3600
A8: 6 | B8: 75980484 | C8: 23 | D8: 10 | E8: SAFETY GLASSES | F8: SAFETY GLASSES WITH FOLDING SIDE MESH GUARD FITTED WITH ZERO POWER CLEAR TOUGHENED GLASSES | G8: NO. | H8: 40 | I8: 6 | J8: =K8+N8+Q8+T8+W8+Z8+AC8 -> 40 | K8: 0 | M8: =K8-L8 -> 0 | N8: 0 | P8: =N8-O8 -> 0 | Q8: 0 | S8: =Q8-R8 -> 0 | T8: 0 | V8: =T8-U8 -> 0 | W8: 0 | Y8: =W8-X8 -> 0 | Z8: 0 | AB8: =Z8-AA8 -> 0 | AC8: 40 | AE8: =AC8-AD8 -> 40
A9: 7 | B9: 78010512 | C9: 23 | D9: 10 | E9: GLASS TUMBLER | F9: GLASS TUMBLER 260ML | G9: NO. | H9: 50 | I9: 1550 | J9: =K9+N9+Q9+T9+W9+Z9+AC9 -> 50 | K9: 0 | M9: =K9-L9 -> 0 | N9: 0 | P9: =N9-O9 -> 0 | Q9: 0 | S9: =Q9-R9 -> 0 | T9: 0 | V9: =T9-U9 -> 0 | W9: 0 | Y9: =W9-X9 -> 0 | Z9: 0 | AB9: =Z9-AA9 -> 0 | AC9: 50 | AE9: =AC9-AD9 -> 50
A10: 8 | B10: 81050628 | C10: 23 | D10: 10 | E10: LIQUID SOAP | F10: LIQUID SOAP - SOAP CREAM YELLOW IN COLOUR TYPE-I GR-2 TO IS 4199/2001. IN 5 (FIVE) LITRE CAPACITY CONTAINER | G10: LTR | H10: 300 | I10: 1400 | J10: =K10+N10+Q10+T10+W10+Z10+AC10 -> 300 | K10: 0 | M10: =K10-L10 -> 0 | N10: 0 | P10: =N10-O10 -> 0 | Q10: 0 | S10: =Q10-R10 -> 0 | T10: 0 | V10: =T10-U10 -> 0 | W10: 0 | Y10: =W10-X10 -> 0 | Z10: 0 | AB10: =Z10-AA10 -> 0 | AC10: 300 | AE10: =AC10-AD10 -> 300
A11: 9 | B11: 81050811 | C11: 23 | D11: 10 | E11: SOAP TOILET IN 125 GRAMS | F11: SOAP TOILET IN 125 GRAMS | G11: NO. | H11: 800 | I11: 23 | J11: =K11+N11+Q11+T11+W11+Z11+AC11 -> 800 | K11: 0 | M11: =K11-L11 -> 0 | N11: 0 | P11: =N11-O11 -> 0 | Q11: 0 | S11: =Q11-R11 -> 0 | T11: 0 | V11: =T11-U11 -> 0 | W11: 0 | Y11: =W11-X11 -> 0 | Z11: 0 | AB11: =Z11-AA11 -> 0 | AC11: 800 | AE11: =AC11-AD11 -> 800
A12: 10 | B12: 81140022 | C12: 23 | D12: 10 | E12: SOAP TOILET IN 150 GRAMS | F12: SOAP TOILET IN 150 GRAMS | G12: NO. | H12: 800 | I12: 8897 | J12: =K12+N12+Q12+T12+W12+Z12+AC12 -> 800 | K12: 0 | M12: =K12-L12 -> 0 | N12: 0 | P12: =N12-O12 -> 0 | Q12: 0 | S12: =Q12-R12 -> 0 | T12: 0 | V12: =T12-U12 -> 0 | W12: 0 | Y12: =W12-X12 -> 0 | Z12: 0 | AB12: =Z12-AA12 -> 0 | AC12: 800 | AE12: =AC12-AD12 -> 800
A13: 11 | B13: 79010805 | C13: 23 | D13: 10 | E13: CLOTH KHADI BLUE 91CMS | F13: CLOTH KHADI BLUE 91CMS | G13: MTR. | H13: 720 | I13: 4809.1 | J13: =K13+N13+Q13+T13+W13+Z13+AC13 -> 720 | K13: 0 | M13: =K13-L13 -> 0 | N13: 0 | P13: =N13-O13 -> 0 | Q13: 0 | S13: =Q13-R13 -> 0 | T13: 0 | V13: =T13-U13 -> 0 | W13: 0 | Y13: =W13-X13 -> 0 | Z13: 0 | AB13: =Z13-AA13 -> 0 | AC13: 720 | AE13: =AC13-AD13 -> 720
A14: 12 | B14: 79011652 | C14: 23 | D14: 10 | E14: TOWEL BATH | F14: TOWEL BATH TURKISH HANDLOOM / KHADI IN WHITE SIZE 140 CMS X 76 CMS WITH "IR" MONOGRAM STAMP | G14: NO. | H14: 60 | I14: 457 | J14: =K14+N14+Q14+T14+W14+Z14+AC14 -> 60 | K14: 0 | M14: =K14-L14 -> 0 | N14: 0 | P14: =N14-O14 -> 0 | Q14: 0 | S14: =Q14-R14 -> 0 | T14: 0 | V14: =T14-U14 -> 0 | W14: 0 | Y14: =W14-X14 -> 0 | Z14: 0 | AB14: =Z14-AA14 -> 0 | AC14: 60 | AE14: =AC14-AD14 -> 60 | AF14: 39 | AG14: 1108 | AH14: 1705 | AI14: 0
A15: 13 | B15: 79021293 | C15: 23 | D15: 10 | E15: CLOTH COTTON DRILL | F15: CLOTH COTTON DRILL | G15: MTR. | H15: 200 | I15: 588.8 | J15: =K15+N15+Q15+T15+W15+Z15+AC15 -> 200 | K15: 0 | M15: =K15-L15 -> 0 | N15: 0 | P15: =N15-O15 -> 0 | Q15: 0 | S15: =Q15-R15 -> 0 | T15: 0 | V15: =T15-U15 -> 0 | W15: 0 | Y15: =W15-X15 -> 0 | Z15: 0 | AB15: =Z15-AA15 -> 0 | AC15: 200 | AE15: =AC15-AD15 -> 200
A16: 14 | B16: 79040044 | C16: 23 | D16: 10 | E16: TERRYCOT PROTECTIVE CLOTH | F16: TERRYCOT PROTECTIVE CLOTH | G16: MTR. | H16: 200 | I16: 1120 | J16: =K16+N16+Q16+T16+W16+Z16+AC16 -> 200 | K16: 0 | M16: =K16-L16 -> 0 | N16: 0 | P16: =N16-O16 -> 0 | Q16: 0 | S16: =Q16-R16 -> 0 | T16: 0 | V16: =T16-U16 -> 0 | W16: 0 | Y16: =W16-X16 -> 0 | Z16: 0 | AB16: =Z16-AA16 -> 0 | AC16: 200 | AE16: =AC16-AD16 -> 200
A17: 15 | B17: 79510127 | C17: 23 | D17: 10 | E17: SINGLE PLY COLOURED COTTON BANIYAN CLOTH | F17: NEW, SINGLE PLY COLOURED COTTON BANIYAN CLOTH OF FINE QUALITY IN VARIOUS SHAPES | G17: MTR. | H17: 100 | I17: 2195 | J17: =K17+N17+Q17+T17+W17+Z17+AC17 -> 100 | K17: 0 | M17: =K17-L17 -> 0 | N17: 0 | P17: =N17-O17 -> 0 | Q17: 0 | S17: =Q17-R17 -> 0 | T17: 0 | V17: =T17-U17 -> 0 | W17: 0 | Y17: =W17-X17 -> 0 | Z17: 0 | AB17: =Z17-AA17 -> 0 | AC17: 100 | AE17: =AC17-AD17 -> 100
A18: 16 | B18: 79511740 | C18: 23 | D18: 10 | E18: COLOURED COTTON WASTE | F18: COLOURED COTTON WASTE TO IS 5485/1980 TYPE-II. NOTE: THE MATERIAL SHALL CONSIST OF UNSIZED YARN | G18: KG. | H18: 200 | I18: 5410 | J18: =K18+N18+Q18+T18+W18+Z18+AC18 -> 200 | K18: 0 | M18: =K18-L18 -> 0 | N18: 0 | P18: =N18-O18 -> 0 | Q18: 0 | S18: =Q18-R18 -> 0 | T18: 0 | V18: =T18-U18 -> 0 | W18: 0 | Y18: =W18-X18 -> 0 | Z18: 0 | AB18: =Z18-AA18 -> 0 | AC18: 200 | AE18: =AC18-AD18 -> 200
A19: 17 | B19: 75908712 | C19: 23 | D19: 10 | E19: LADIES SAFETY SHOES SIZE 4 | F19: LADIES SAFETY SHOES SIZE 4 | G19: NO. | H19: 1 | I19: 9 | J19: =K19+N19+Q19+T19+W19+Z19+AC19 -> 1 | K19: 0 | M19: =K19-L19 -> 0 | N19: 0 | P19: =N19-O19 -> 0 | Q19: 0 | S19: =Q19-R19 -> 0 | T19: 0 | V19: =T19-U19 -> 0 | W19: 0 | Y19: =W19-X19 -> 0 | Z19: 0 | AB19: =Z19-AA19 -> 0 | AC19: 1 | AE19: =AC19-AD19 -> 1
A20: 18 | B20: 75908724 | C20: 23 | D20: 10 | E20: LADIES SAFETY SHOES SIZE 5 | F20: LADIES SAFETY SHOES SIZE 5 | G20: NO. | H20: 1 | I20: 25 | J20: =K20+N20+Q20+T20+W20+Z20+AC20 -> 1 | K20: 0 | M20: =K20-L20 -> 0 | N20: 0 | P20: =N20-O20 -> 0 | Q20: 0 | S20: =Q20-R20 -> 0 | T20: 0 | V20: =T20-U20 -> 0 | W20: 0 | Y20: =W20-X20 -> 0 | Z20: 0 | AB20: =Z20-AA20 -> 0 | AC20: 1 | AE20: =AC20-AD20 -> 1
A21: 19 | B21: 75908736 | C21: 23 | D21: 10 | E21: GENTS SAFETY SHOES SIZE 6 | F21: GENTS SAFETY SHOES SIZE 6 | G21: NO. | H21: 1 | I21: 19 | J21: =K21+N21+Q21+T21+W21+Z21+AC21 -> 1 | K21: 0 | M21: =K21-L21 -> 0 | N21: 0 | P21: =N21-O21 -> 0 | Q21: 0 | S21: =Q21-R21 -> 0 | T21: 0 | V21: =T21-U21 -> 0 | W21: 0 | Y21: =W21-X21 -> 0 | Z21: 0 | AB21: =Z21-AA21 -> 0 | AC21: 1 | AE21: =AC21-AD21 -> 1
A22: 20 | B22: 75908748 | C22: 23 | D22: 10 | E22: LADIES SAFETY SHOES SIZE 7 | F22: LADIES SAFETY SHOES SIZE 7 | G22: NO. | H22: 1 | I22: 40 | J22: =K22+N22+Q22+T22+W22+Z22+AC22 -> 1 | K22: 0 | M22: =K22-L22 -> 0 | N22: 0 | P22: =N22-O22 -> 0 | Q22: 0 | S22: =Q22-R22 -> 0 | T22: 0 | V22: =T22-U22 -> 0 | W22: 0 | Y22: =W22-X22 -> 0 | Z22: 0 | AB22: =Z22-AA22 -> 0 | AC22: 1 | AE22: =AC22-AD22 -> 1
A23: 21 | B23: 75908931 | C23: 23 | D23: 10 | E23: GENTS SAFETY SHOES SIZE 7 | F23: GENTS SAFETY SHOES SIZE 7 | G23: NO. | H23: 1 | I23: 59 | J23: =K23+N23+Q23+T23+W23+Z23+AC23 -> 1 | K23: 0 | M23: =K23-L23 -> 0 | N23: 0 | P23: =N23-O23 -> 0 | Q23: 0 | S23: =Q23-R23 -> 0 | T23: 0 | V23: =T23-U23 -> 0 | W23: 0 | Y23: =W23-X23 -> 0 | Z23: 0 | AB23: =Z23-AA23 -> 0 | AC23: 1 | AE23: =AC23-AD23 -> 1
A24: 22 | B24: 75908943 | C24: 23 | D24: 10 | E24: GENTS SAFETY SHOES SIZE 8 | F24: GENTS SAFETY SHOES SIZE 8 | G24: NO. | H24: 1 | I24: 146 | J24: =K24+N24+Q24+T24+W24+Z24+AC24 -> 1 | K24: 0 | M24: =K24-L24 -> 0 | N24: 0 | P24: =N24-O24 -> 0 | Q24: 0 | S24: =Q24-R24 -> 0 | T24: 0 | V24: =T24-U24 -> 0 | W24: 0 | Y24: =W24-X24 -> 0 | Z24: 0 | AB24: =Z24-AA24 -> 0 | AC24: 1 | AE24: =AC24-AD24 -> 1
A25: 23 | B25: 75908955 | C25: 23 | D25: 10 | E25: GENTS SAFETY SHOES SIZE 9 | F25: GENTS SAFETY SHOES SIZE 9 | G25: NO. | H25: 1 | I25: 167 | J25: =K25+N25+Q25+T25+W25+Z25+AC25 -> 1 | K25: 0 | M25: =K25-L25 -> 0 | N25: 0 | P25: =N25-O25 -> 0 | Q25: 0 | S25: =Q25-R25 -> 0 | T25: 0 | V25: =T25-U25 -> 0 | W25: 0 | Y25: =W25-X25 -> 0 | Z25: 0 | AB25: =Z25-AA25 -> 0 | AC25: 1 | AE25: =AC25-AD25 -> 1
A26: 24 | B26: 75908852 | C26: 23 | D26: 10 | E26: GENTS SAFETY SHOES SIZE 10 | F26: GENTS SAFETY SHOES SIZE 10 | G26: NO. | H26: 1 | I26: 67 | J26: =K26+N26+Q26+T26+W26+Z26+AC26 -> 1 | K26: 0 | M26: =K26-L26 -> 0 | N26: 0 | P26: =N26-O26 -> 0 | Q26: 0 | S26: =Q26-R26 -> 0 | T26: 0 | V26: =T26-U26 -> 0 | W26: 0 | Y26: =W26-X26 -> 0 | Z26: 0 | AB26: =Z26-AA26 -> 0 | AC26: 1 | AE26: =AC26-AD26 -> 1
... A31: 29 | B31: 83047840 | C31: 23 | D31: 10 | E31: PAPER COMPUTER- A3- 3 PLY | F31: PAPER COMPUTER SIZE 12"L X 15"W (30.5 X 38.1 CMS), CONFORMING TO IS 12766/97, 3 PLY, 60 GSM, INTERLEAVED WITH CARBON SHEETS | G31: BUNDLE | H31: 50 | I31: 0 | J31: =K31+N31+Q31+T31+W31+Z31+AC31 -> 50 | K31: 0 | M31: =K31-L31 -> 0 | N31: 0 | P31: =N31-O31 -> 0 | Q31: 0 | S31: =Q31-R31 -> 0 | T31: 0 | V31: =T31-U31 -> 0 | W31: 0 | Y31: =W31-X31 -> 0 | Z31: 0 | AB31: =Z31-AA31 -> 0 | AC31: 50 | AE31: =AC31-AD31 -> 50
A32: 30 | B32: 83049400 | C32: 23 | D32: 10 | E32: PAPER PHOTOCOPIER | F32: PAPER PHOTOCOPIER HAVING 80 GSM +/- 3% OF SIZE 210X297MM(A4) | G32: BUNDLE | H32: 50 | I32: 1022 | J32: =K32+N32+Q32+T32+W32+Z32+AC32 -> 50 | K32: 0 | M32: =K32-L32 -> 0 | N32: 0 | P32: =N32-O32 -> 0 | Q32: 0 | S32: =Q32-R32 -> 0 | T32: 0 | V32: =T32-U32 -> 0 | W32: 0 | Y32: =W32-X32 -> 0 | Z32: 0 | AB32: =Z32-AA32 -> 0 | AC32: 50 | AE32: =AC32-AD32 -> 50 | AF32: 2989 | AG32: 2666 | AH32: 3262 | AI32: 70
A33: 31 | B33: 83055587 | C33: 23 | D33: 10 | E33: BOOK RULED 1 QUIRE | F33: BOOK RULED SIZE 20.5 CM WIDTH X 33 CMS LONG 1 QUIRE 65GSM PAPER | G33: NO. | H33: 50 | I33: 183 | J33: =K33+N33+Q33+T33+W33+Z33+AC33 -> 50 | K33: 0 | M33: =K33-L33 -> 0 | N33: 0 | P33: =N33-O33 -> 0 | Q33: 0 | S33: =Q33-R33 -> 0 | T33: 0 | V33: =T33-U33 -> 0 | W33: 0 | Y33: =W33-X33 -> 0 | Z33: 0 | AB33: =Z33-AA33 -> 0 | AC33: 50 | AE33: =AC33-AD33 -> 50
A34: 32 | B34: 83055575 | C34: 23 | D34: 10 | E34: BOOK RULED 2 QUIRE | F34: BOOK RULED SIZE 20.5 CM WIDTH X 33CMS LONG 2 QUIRE, 60GSM PAPER | G34: NO. | H34: 50 | I34: 726 | J34: =K34+N34+Q34+T34+W34+Z34+AC34 -> 50 | K34: 0 | M34: =K34-L34 -> 0 | N34: 0 | P34: =N34-O34 -> 0 | Q34: 0 | S34: =Q34-R34 -> 0 | T34: 0 | V34: =T34-U34 -> 0 | W34: 0 | Y34: =W34-X34 -> 0 | Z34: 0 | AB34: =Z34-AA34 -> 0 | AC34: 50 | AE34: =AC34-AD34 -> 50
A35: 33 | B35: 83055551 | C35: 23 | D35: 10 | E35: BOOK RULED 4 QUIRE | F35: BOOK RULED SIZE 20.5 CM WIDTH X 33CMS LONG 4 QUIRE, 65GSM PAPER | G35: NO. | H35: 50 | I35: 599 | J35: =K35+N35+Q35+T35+W35+Z35+AC35 -> 50 | K35: 0 | M35: =K35-L35 -> 0 | N35: 0 | P35: =N35-O35 -> 0 | Q35: 0 | S35: =Q35-R35 -> 0 | T35: 0 | V35: =T35-U35 -> 0 | W35: 0 | Y35: =W35-X35 -> 0 | Z35: 0 | AB35: =Z35-AA35 -> 0 | AC35: 50 | AE35: =AC35-AD35 -> 50
A36: 34 | B36: 83057262 | C36: 23 | D36: 10 | E36: FILE COVERS CARD BOARD THIN | F36: FILE COVERS CARD BD THIN | G36: NO. | H36: 50 | I36: 6535 | J36: =K36+N36+Q36+T36+W36+Z36+AC36 -> 50 | K36: 0 | M36: =K36-L36 -> 0 | N36: 0 | P36: =N36-O36 -> 0 | Q36: 0 | S36: =Q36-R36 -> 0 | T36: 0 | V36: =T36-U36 -> 0 | W36: 0 | Y36: =W36-X36 -> 0 | Z36: 0 | AB36: =Z36-AA36 -> 0 | AC36: 50 | AE36: =AC36-AD36 -> 50
A37: 35 | B37: 83057249 | C37: 23 | D37: 10 | E37: FILE COVER CARD BOARD THICK | F37: FILE COVER CARD BOARD THICK RWF-1 AS PER SPECIFICATION NO.RWF/GSD/LS/02 & ANNEXURE A & B ENCLOSED | G37: NO. | H37: 50 | I37: 4152 | J37: =K37+N37+Q37+T37+W37+Z37+AC37 -> 50 | K37: 0 | M37: =K37-L37 -> 0 | N37: 0 | P37: =N37-O37 -> 0 | Q37: 0 | S37: =Q37-R37 -> 0 | T37: 0 | V37: =T37-U37 -> 0 | W37: 0 | Y37: =W37-X37 -> 0 | Z37: 0 | AB37: =Z37-AA37 -> 0 | AC37: 50 | AE37: =AC37-AD37 -> 50
A38: 36 | B38: 83059891 | C38: 23 | D38: 10 | E38: OFFICE ATTENDENCE REGISTERS | F38: OFFICE ATTENDENCE REGISTERS GA-38/G49 (OLD) CONTAINING 48 SHEET AND WITH THICK BROWN WRAPPER | G38: NO. | H38: 50 | I38: 124 | J38: =K38+N38+Q38+T38+W38+Z38+AC38 -> 50 | K38: 0 | M38: =K38-L38 -> 0 | N38: 0 | P38: =N38-O38 -> 0 | Q38: 0 | S38: =Q38-R38 -> 0 | T38: 0 | V38: =T38-U38 -> 0 | W38: 0 | Y38: =W38-X38 -> 0 | Z38: 0 | AB38: =Z38-AA38 -> 0 | AC38: 50 | AE38: =AC38-AD38 -> 50
A39: 37 | B39: 92111002 | C39: 25 | D39: 10 | E39: HSD DIESEL | F39: HSD DIESEL | G39: LTR | H39: 20 | I39: 0 | J39: =K39+N39+Q39+T39+W39+Z39+AC39 -> 20 | K39: 0 | M39: =K39-L39 -> 0 | N39: 0 | P39: =N39-O39 -> 0 | Q39: 0 | S39: =Q39-R39 -> 0 | T39: 0 | V39: =T39-U39 -> 0 | W39: 0 | Y39: =W39-X39 -> 0 | Z39: 0 | AB39: =Z39-AA39 -> 0 | AC39: 20 | AE39: =AC39-AD39 -> 20
A40: 38 | B40: 85011022 | C40: 24 | D40: 10 | E40: BALL BEARING 6205ZZ | F40: BALL BEARING 6205ZZ | G40: NO. | H40: 20 | I40: 80 | J40: =K40+N40+Q40+T40+W40+Z40+AC40 -> 20 | K40: 0 | M40: =K40-L40 -> 0 | N40: 20 | P40: =N40-O40 -> 20 | Q40: 0 | S40: =Q40-R40 -> 0 | T40: 0 | V40: =T40-U40 -> 0 | W40: 0 | Y40: =W40-X40 -> 0 | Z40: 0 | AB40: =Z40-AA40 -> 0 | AC40: 0 | AE40: =AC40-AD40 -> 0 | AF40: 50 | AG40: 50 | AH40: 80 | AI40: 0
A41: 39 | B41: 64273027 | C41: 24 | D41: 10 | E41: BALL BEARING 6204ZZ | F41: BEARING SINGLE ROW DEEP GROOVE TO 6204ZZ | G41: NO. | H41: 40 | I41: 113 | J41: =K41+N41+Q41+T41+W41+Z41+AC41 -> 0 | K41: 0 | M41: =K41-L41 -> 0 | N41: 0 | P41: =N41-O41 -> 0 | Q41: 0 | S41: =Q41-R41 -> 0 | T41: 0 | V41: =T41-U41 -> 0 | W41: 0 | Y41: =W41-X41 -> 0 | Z41: 0 | AB41: =Z41-AA41 -> 0 | AC41: 0 | AE41: =AC41-AD41 -> 0 | AF41: 35 | AG41: 50 | AH41: 10 | AI41: 0
A42: 40 | B42: 85014813 | C42: 24 | D42: 10 | E42: BALL BEARING NO.6308 | F42: BALL BEARING NO.6308 | G42: NO. | H42: 10 | I42: 45 | J42: =K42+N42+Q42+T42+W42+Z42+AC42 -> 0 | K42: 0 | M42: =K42-L42 -> 0 | N42: 0 | P42: =N42-O42 -> 0 | Q42: 0 | S42: =Q42-R42 -> 0 | T42: 0 | V42: =T42-U42 -> 0 | W42: 0 | Y42: =W42-X42 -> 0 | Z42: 0 | AB42: =Z42-AA42 -> 0 | AC42: 0 | AE42: =AC42-AD42 -> 0 | AF42: 14 | AG42: 28 | AH42: 18 | AI42: 0
A43: 41 | B43: 84115180 | C43: 24 | D43: 70 | E43: ASBESTOS CLOTH | F43: ASBESTOS CLOTH 2MM THICK,1 MTR WIDTH WITH MINIMUM WEIGHT OF 1.25 KG PER METER LENGTH | G43: KG. | H43: 300 | I43: 250 | J43: =K43+N43+Q43+T43+W43+Z43+AC43 -> 300 | K43: 150 | M43: =K43-L43 -> 150 | N43: 100 | P43: =N43-O43 -> 100 | Q43: 50 | S43: =Q43-R43 -> 50 | T43: 0 | V43: =T43-U43 -> 0 | W43: 0 | Y43: =W43-X43 -> 0 | Z43: 0 | AB43: =Z43-AA43 -> 0 | AC43: 0 | AE43: =AC43-AD43 -> 0
A44: 42 | B44: 80090280 | C44: 25 | D44: 70 | E44: TRANSFORMER OIL 200 OR 210 LITRS DRUMS | F44: TRANSFORMER OIL 200 OR 210 LITRS DRUMS | G44: LTR | H44: 11000 | I44: 8200 | J44: =K44+N44+Q44+T44+W44+Z44+AC44 -> 11000 | K44: 11000 | M44: =K44-L44 -> 11000 | N44: 0 | P44: =N44-O44 -> 0 | Q44: 0 | S44: =Q44-R44 -> 0 | T44: 0 | V44: =T44-U44 -> 0 | W44: 0 | Y44: =W44-X44 -> 0 | Z44: 0 | AB44: =Z44-AA44 -> 0 | AC44: 0 | AE44: =AC44-AD44 -> 0
A45: 43 | B45: 47350015 | C45: 24 | D45: 70 | E45: RE-CIRCULATION TRANSFORMER OIL PUMP | F45: RE-CIRCULATION TRANSFORMER OIL PUMP 4BTF2 OR 1143T, 4.3HP/3.2KW | G45: NO. | H45: 2 | I45: 3 | J45: =K45+N45+Q45+T45+W45+Z45+AC45 -> 2 | K45: 2 | M45: =K45-L45 -> 2 | N45: 0 | P45: =N45-O45 -> 0 | Q45: 0 | S45: =Q45-R45 -> 0 | T45: 0 | V45: =T45-U45 -> 0 | W45: 0 | Y45: =W45-X45 -> 0 | Z45: 0 | AB45: =Z45-AA45 -> 0 | AC45: 0 | AE45: =AC45-AD45 -> 0
A46: 44 | B46: 47420509 | C46: 24 | D46: 70 | E46: STATIC EARTHING DEVICE | F46: STATIC EARTHING DEVICE ASSEMBLY FOR WORKING VOLTAGE 4 K.V. FOR 12.1, 13.5 mv A ARC FURNACE TRANSFORMER | G46: NO. | H46: 8 | I46: 0 | J46: =K46+N46+Q46+T46+W46+Z46+AC46 -> 8 | K46: 8 | M46: =K46-L46 -> 8 | N46: 0 | P46: =N46-O46 -> 0 | Q46: 0 | S46: =Q46-R46 -> 0 | T46: 0 | V46: =T46-U46 -> 0 | W46: 0 | Y46: =W46-X46 -> 0 | Z46: 0 | AB46: =Z46-AA46 -> 0 | AC46: 0 | AE46: =AC46-AD46 -> 0
A47: 45 | B47: 46120324 | C47: 23 | D47: 10 | E47: COPPER BUS BAR FOR SPRUE WASH | F47: COPPER BUS BAR AS PER THE DRAWING NO. WAP/EL/SK/376 R3 | G47: NO. | H47: 150 | I47: 63 | J47: =K47+N47+Q47+T47+W47+Z47+AC47 -> 150 | K47: 0 | M47: =K47-L47 -> 0 | N47: 150 | P47: =N47-O47 -> 150 | Q47: 0 | S47: =Q47-R47 -> 0 | T47: 0 | V47: =T47-U47 -> 0 | W47: 0 | Y47: =W47-X47 -> 0 | Z47: 0 | AB47: =Z47-AA47 -> 0 | AC47: 0 | AE47: =AC47-AD47 -> 0 | AF47: 120 | AG47: 123 | AH47: 139 | AI47: 0
A48: 46 | B48: 75034232 | C48: 23 | D48: 10 | E48: HYDRAULIC HOSE | F48: HYDRAULIC HOSE SAE 100R2 TO SIZE 1" ID, 6 METERS LONG WITH BOTH ENDS FEMALE SWIVEL CRIMPED STRAIGHT FITTING TO SIZE 1-5/16"-12 TPI UNF/ JIC 37 DEGREE | G48: NO. | H48: 8 | I48: 9 | J48: =K48+N48+Q48+T48+W48+Z48+AC48 -> 8 | K48: 0 | M48: =K48-L48 -> 0 | N48: 8 | P48: =N48-O48 -> 8 | Q48: 0 | S48: =Q48-R48 -> 0 | T48: 0 | V48: =T48-U48 -> 0 | W48: 0 | Y48: =W48-X48 -> 0 | Z48: 0 | AB48: =Z48-AA48 -> 0 | AC48: 0 | AE48: =AC48-AD48 -> 0
A49: 47 | B49: 75035893 | C49: 23 | D49: 10 | E49: STEEL REINFORCED VINYL HOSE (PVC) GREY COLOUR - 10MM | F49: STEEL WIRE REINFORCED VINYL (PVC)HOSE IN GREY COLOUR FOR ELECTRICAL WIRING "KI" TYPE ID OF 10 MM IN MINIMUM LENGTH OF 20MTRS | G49: MTR. | H49: 400 | I49: 822 | J49: =K49+N49+Q49+T49+W49+Z49+AC49 -> 180 | K49: 120 | M49: =K49-L49 -> 120 | N49: 60 | P49: =N49-O49 -> 60 | Q49: 0 | S49: =Q49-R49 -> 0 | T49: 0 | V49: =T49-U49 -> 0 | W49: 0 | Y49: =W49-X49 -> 0 | Z49: 0 | AB49: =Z49-AA49 -> 0 | AC49: 0 | AE49: =AC49-AD49 -> 0
A50: 48 | B50: 75035868 | C50: 23 | D50: 10 | E50: STEEL REINFORCED VINYL HOSE (PVC) GREY COLOUR - 15MM | F50: HOSE VINYL HOSE ( P V C ) STEEL WIRE REINFORCED ID OF 15mm IN MINIMUM LENGTH OF 20 MTRS. FOR ELECTRICAL WIRING. COLOUR GREY | G50: MTR. | H50: 500 | I50: 1560 | J50: =K50+N50+Q50+T50+W50+Z50+AC50 -> 500 | K50: 100 | M50: =K50-L50 -> 100 | N50: 100 | P50: =N50-O50 -> 100 | Q50: 300 | S50: =Q50-R50 -> 300 | T50: 0 | V50: =T50-U50 -> 0 | W50: 0 | Y50: =W50-X50 -> 0 | Z50: 0 | AB50: =Z50-AA50 -> 0 | AC50: 0 | AE50: =AC50-AD50 -> 0
A51: 49 | B51: 75035856 | C51: 23 | D51: 10 | E51: STEEL REINFORCED VINYL HOSE (PVC) GREY COLOUR - 20MM | F51: HOSE VINYL (PVC) STEEL WIRE REINFORCED ID OF 20mm IN MINIUM LENGTH OF 20 MTRS FOR ELECTRICAL WIRING. COLOUR GREY | G51: MTR. | H51: 300 | I51: 920 | J51: =K51+N51+Q51+T51+W51+Z51+AC51 -> 300 | K51: 40 | M51: =K51-L51 -> 40 | N51: 120 | P51: =N51-O51 -> 120 | Q51: 140 | S51: =Q51-R51 -> 140 | T51: 0 | V51: =T51-U51 -> 0 | W51: 0 | Y51: =W51-X51 -> 0 | Z51: 0 | AB51: =Z51-AA51 -> 0 | AC51: 0 | AE51: =AC51-AD51 -> 0
A52: 50 | B52: 75035900 | C52: 23 | D52: 10 | E52: STEEL REINFORCED VINYL HOSE (PVC) GREY COLOUR - 25MM | F52: STEEL REINFORCED VINYL HOSE (PVC) GREY COLOUR FOR ELECTRICAL WIRING K1 TYPE 1D OF 25MM | G52: MTR. | H52: 200 | I52: 108 | J52: =K52+N52+Q52+T52+W52+Z52+AC52 -> 200 | K52: 50 | M52: =K52-L52 -> 50 | N52: 50 | P52: =N52-O52 -> 50 | Q52: 100 | S52: =Q52-R52 -> 100 | T52: 0 | V52: =T52-U52 -> 0 | W52: 0 | Y52: =W52-X52 -> 0 | Z52: 0 | AB52: =Z52-AA52 -> 0 | AC52: 0 | AE52: =AC52-AD52 -> 0
A53: 51 | B53: 75035881 | C53: 23 | D53: 70 | E53: STEEL REINFORCED VINYL HOSE (PVC) GREY COLOUR - 30MM | F53: HOSE VINYAL (PVC) STEEL WIRE REINFORCED ID OF 30 mm IN MINIMUM LENGTH OF 20 MTRS. FOR ELECTRICAL WIRING.COLOUR GREY (SPELLING MISTAKE) | G53: MTR. | H53: 300 | I53: 160 | J53: =K53+N53+Q53+T53+W53+Z53+AC53 -> 220 | K53: 40 | M53: =K53-L53 -> 40 | N53: 60 | P53: =N53-O53 -> 60 | Q53: 120 | S53: =Q53-R53 -> 120 | T53: 0 | V53: =T53-U53 -> 0 | W53: 0 | Y53: =W53-X53 -> 0 | Z53: 0 | AB53: =Z53-AA53 -> 0 | AC53: 0 | AE53: =AC53-AD53 -> 0
A54: 52 | B54: 42130025 | C54: 24 | D54: 70 | E54: . GERMAN HOSE 12MM AND OD 15MM .+/-1MM | F54: POLYAMIDE CONDUIT MADE WITH PARALLEL GROVES, OIL PETROL, ACID AND SOLVENT RESISTANT, FLAME RETARDANT, SELF EXTINGUISHING FLEXIBLE WITH HIGH COMPRESSURE STRENGTH. SIMILAR TO SILVYN RILL PT NO. 61746950 OF LAPP MAKE. PIPE ID 12MM AND OD 15MM .+/-1MM. GERMAN HOSE | G54: MTR. | H54: 1200 | I54: 490 | J54: =K54+N54+Q54+T54+W54+Z54+AC54 -> 1200 | K54: 300 | M54: =K54-L54 -> 300 | N54: 300 | P54: =N54-O54 -> 300 | Q54: 300 | S54: =Q54-R54 -> 300 | T54: 100 | V54: =T54-U54 -> 100 | W54: 100 | Y54: =W54-X54 -> 100 | Z54: 100 | AB54: =Z54-AA54 -> 100 | AC54: 0 | AE54: =AC54-AD54 -> 0
A55: 53 | B55: 42130013 | C55: 24 | D55: 70 | E55: . GERMAN HOSE GLAND12MM AND OD 15MM .+/-1MM | F55: POLYAMIDE STRAIGHT PROTECTIVE CONDUIT SCREW COUPLING FOR QUICK AND SECURE ASSEMBLY. SIMILAR TO SILVYN KLICK PT NO. 61800880 OF LAPP MAKE. SUITABLE FOR FLEXIBLE CONDUIT OF OUTSIDE OD 15.8MM AND LOCK NUT FOR HOSE GLAND, SIMILAR TO PT.NO.53019020 SKINTOP GMP-GL PG11 OF LAPP MAKE | G55: MTR. | H55: 600 | I55: 125 | J55: =K55+N55+Q55+T55+W55+Z55+AC55 -> 600 | K55: 150 | M55: =K55-L55 -> 150 | N55: 150 | P55: =N55-O55 -> 150 | Q55: 150 | S55: =Q55-R55 -> 150 | T55: 50 | V55: =T55-U55 -> 50 | W55: 50 | Y55: =W55-X55 -> 50 | Z55: 50 | AB55: =Z55-AA55 -> 50 | AC55: 0 | AE55: =AC55-AD55 -> 0
A56: 54 | B56: 42013847 | C56: 24 | D56: 10 | E56: INDUSTRIAL POWER PLUGS INCLINED HANDLE 5 PIN(3P+N+E) | F56: INDUSTRIAL POWER PLUGS INCLINED HANDLE 5 PIN(3P+N+E) RATED FOR 30 AMPS AT 415 VOLTS 50HZ AC SPRING LOADED SILVER TIPPED BOLT TYPE CONTACTS 3/4" CONDUITS ENTRY,6SQ MM | G56: NO. | H56: 90 | I56: 50 | J56: =K56+N56+Q56+T56+W56+Z56+AC56 -> 90 | K56: 20 | M56: =K56-L56 -> 20 | N56: 0 | P56: =N56-O56 -> 0 | Q56: 25 | S56: =Q56-R56 -> 25 | T56: 15 | V56: =T56-U56 -> 15 | W56: 15 | Y56: =W56-X56 -> 15 | Z56: 15 | AB56: =Z56-AA56 -> 15 | AC56: 0 | AE56: =AC56-AD56 -> 0
A57: 55 | B57: 42013859 | C57: 24 | D57: 10 | E57: PANEL MOUNTING SOCKET 5 PIN (3P+N+E) RATED FOR 30 AMPS | F57: PANEL MOUNTING SOCKET 5 PIN (3P+N+E) RATED FOR 30 AMPS 415 VOLTS 50 HZ | G57: NO. | H57: 20 | I57: 9 | J57: =K57+N57+Q57+T57+W57+Z57+AC57 -> 20 | K57: 10 | M57: =K57-L57 -> 10 | N57: 0 | P57: =N57-O57 -> 0 | Q57: 10 | S57: =Q57-R57 -> 10 | T57: 0 | V57: =T57-U57 -> 0 | W57: 0 | Y57: =W57-X57 -> 0 | Z57: 0 | AB57: =Z57-AA57 -> 0 | AC57: 0 | AE57: =AC57-AD57 -> 0
A58: 56 | B58: 42350013 | C58: 24 | D58: 70 | E58: SET OF PLUG & SOCKET 24PIN | F58: SET OF PLUG & SOCKET 24PIN RATED FOR 16A, FOR PANEL MOUNTING IE., BOTTOM OPEN, SUITABLE FOR PG 21 GLAND | G58: SET | H58: 25 | I58: 15 | J58: =K58+N58+Q58+T58+W58+Z58+AC58 -> 24 | K58: 0 | M58: =K58-L58 -> 0 | N58: 20 | P58: =N58-O58 -> 20 | Q58: 4 | S58: =Q58-R58 -> 4 | T58: 0 | V58: =T58-U58 -> 0 | W58: 0 | Y58: =W58-X58 -> 0 | Z58: 0 | AB58: =Z58-AA58 -> 0 | AC58: 0 | AE58: =AC58-AD58 -> 0
A59: 57 | B59: 47983516 | C59: 23 | D59: 10 | E59: RUBBER MOULDED FEMALE SOCKET & MALE PLUG | F59: RUBBER MOULDED FEMALE SOCKET & MALE PLUG AS PER DRG.NO.WAP/EL/SK/897 COPPER CABLE USED SHALL BE BUTYL RUBBER INSULATED FLEXIBLE MULTI STRANDED TINNED CONDUCTORS OF SIZE 70SQMM OF 1.1KV GRADE | G59: SET | H59: 16 | I59: 8 | J59: =K59+N59+Q59+T59+W59+Z59+AC59 -> 16 | K59: 16 | M59: =K59-L59 -> 16 | N59: 0 | P59: =N59-O59 -> 0 | Q59: 0 | S59: =Q59-R59 -> 0 | T59: 0 | V59: =T59-U59 -> 0 | W59: 0 | Y59: =W59-X59 -> 0 | Z59: 0 | AB59: =Z59-AA59 -> 0 | AC59: 0 | AE59: =AC59-AD59 -> 0 | AF59: 36 | AG59: 25 | AH59: 36 | AI59: 0
A60: 58 | B60: 75030810 | C60: 24 | D60: 70 | E60: BUMPER FOR CLAMPING HOSE OF WATER COOLED CABLE OF FURNACE | F60: BUMPER(NATURAL & SYNTHETIC)PROTECTIVE OF SINGLE CLAMP SUITABLE FOR CLAMPING 145MM OD HOSE OF WATER COOLED TYPE FURNACE | G60: NO. | H60: 500 | I60: 2 | J60: =K60+N60+Q60+T60+W60+Z60+AC60 -> 300 | K60: 300 | M60: =K60-L60 -> 300 | N60: 0 | P60: =N60-O60 -> 0 | Q60: 0 | S60: =Q60-R60 -> 0 | T60: 0 | V60: =T60-U60 -> 0 | W60: 0 | Y60: =W60-X60 -> 0 | Z60: 0 | AB60: =Z60-AA60 -> 0 | AC60: 0 | AE60: =AC60-AD60 -> 0
A61: 59 | B61: 74200010 | C61: 24 | D61: 70 | E61: NON-MAGNETIC STAINLESS STEEL BAND FOR CLAMPING BUMPERS ON HOSE | F61: NON-MAGNETIC STAINLESS STEEL BAND OF GRADE AISI 304 FOR 16MM WIDTH X 0.8MM THICK FOR CLAMPING BUMPERS ON HOSE | G61: KG. | H61: 30 | I61: 0 | J61: =K61+N61+Q61+T61+W61+Z61+AC61 -> 15 | K61: 15 | M61: =K61-L61 -> 15 | N61: 0 | P61: =N61-O61 -> 0 | Q61: 0 | S61: =Q61-R61 -> 0 | T61: 0 | V61: =T61-U61 -> 0 | W61: 0 | Y61: =W61-X61 -> 0 | Z61: 0 | AB61: =Z61-AA61 -> 0 | AC61: 0 | AE61: =AC61-AD61 -> 0
A62: 60 | B62: 73090013 | C62: 24 | D62: 70 | E62: NON MAGNETIC STAINLESS STEEL BOLT AND NUT SET 12MMX75MM | F62: NON MAGNETIC STAINLESS STEEL BOLT AND NUT SET 12MMX75MM LENGTH, FULLY THREADED, WITH 2 PLAIN WASHERS OF THICKNESS NOT LESS THAN 1.5MM, ONE SPRING WASHER OF SIZE 2.5MM, CHUCK NUT AND NUT | G62: NO. | H62: 200 | I62: 0 | J62: =K62+N62+Q62+T62+W62+Z62+AC62 -> 100 | K62: 100 | M62: =K62-L62 -> 100 | N62: 0 | P62: =N62-O62 -> 0 | Q62: 0 | S62: =Q62-R62 -> 0 | T62: 0 | V62: =T62-U62 -> 0 | W62: 0 | Y62: =W62-X62 -> 0 | Z62: 0 | AB62: =Z62-AA62 -> 0 | AC62: 0 | AE62: =AC62-AD62 -> 0
A63: 61 | B63: 73090037 | C63: 24 | D63: 70 | E63: NON MAGNETIC STAINLESS STEEL BOLT AND NUT SET M12X100MM | F63: NON MAGNETIC STAINLESS STEEL BOLT AND NUT SET M12X100MM LENGTH,FULLY THREADED WITH 2 PLAIN WASHERS OF THICKNESS NOT LESS THAN 1.5MM,ONE SPRING WASHER OF SIZE 2.5MM, CHUCK NUT AND NUT | G63: NO. | H63: 200 | I63: 0 | J63: =K63+N63+Q63+T63+W63+Z63+AC63 -> 100 | K63: 100 | M63: =K63-L63 -> 100 | N63: 0 | P63: =N63-O63 -> 0 | Q63: 0 | S63: =Q63-R63 -> 0 | T63: 0 | V63: =T63-U63 -> 0 | W63: 0 | Y63: =W63-X63 -> 0 | Z63: 0 | AB63: =Z63-AA63 -> 0 | AC63: 0 | AE63: =AC63-AD63 -> 0
A64: 62 | B64: 73090050 | C64: 24 | D64: 70 | E64: NON MAGNETIC STAINLESS STEEL BOLT AND NUT SET 14MMX75MM LENGTH | F64: NON MAGNETIC STAINLESS STEEL BOLT AND NUT SET 14MMX75MM LENGTH,FULLY THREADED WITH 2 PLAIN WASHERS OF THICKNESS NOT LESS THAN 1.5MM,ONE SPRING WASHER OF SIZE 2.5MM, CHUCK NUT AND NUT | G64: NO. | H64: 200 | I64: 0 | J64: =K64+N64+Q64+T64+W64+Z64+AC64 -> 100 | K64: 100 | M64: =K64-L64 -> 100 | N64: 0 | P64: =N64-O64 -> 0 | Q64: 0 | S64: =Q64-R64 -> 0 | T64: 0 | V64: =T64-U64 -> 0 | W64: 0 | Y64: =W64-X64 -> 0 | Z64: 0 | AB64: =Z64-AA64 -> 0 | AC64: 0 | AE64: =AC64-AD64 -> 0
A65: 63 | B65: 73090025 | C65: 24 | D65: 70 | E65: NON MAGNETIC STAINLESS STEEL BOLT AND NUT M16 X 75MM | F65: NON MAGNETIC STAINLESS STEEL BOLT AND NUT M16 X 75MM LENGTH,FULLY THREADED WITH 2PLAIN WASHERS OF THICKNESS NOT LESS THAN 1.5MM,ONE SPRING WASHER OF SIZE 2.5MM, ONE NUT AND CHUCK NUT | G65: NO. | H65: 200 | I65: 0 | J65: =K65+N65+Q65+T65+W65+Z65+AC65 -> 100 | K65: 100 | M65: =K65-L65 -> 100 | N65: 0 | P65: =N65-O65 -> 0 | Q65: 0 | S65: =Q65-R65 -> 0 | T65: 0 | V65: =T65-U65 -> 0 | W65: 0 | Y65: =W65-X65 -> 0 | Z65: 0 | AB65: =Z65-AA65 -> 0 | AC65: 0 | AE65: =AC65-AD65 -> 0
A66: 64 | B66: 73060010 | C66: 23 | D66: 10 | E66: NON MAGNETIC STAINLESS STEEL BOLT AND NUT SET 16MMX120MM | F66: BOLT AND NUT NON MAGNETIC STAINLESS STEEL OF SIZE 16MM DIA AND LENGTH 120MM THREADED FOR A LENGTH OF 90MM WITH ONE SPRING WASHER TWO PLAIN WASHER OF MINIMUM THICKNESS OF 1.5 MM EACH AND CHECK NUT | G66: NO. | H66: 500 | I66: 222 | J66: =K66+N66+Q66+T66+W66+Z66+AC66 -> 500 | K66: 500 | M66: =K66-L66 -> 500 | N66: 0 | P66: =N66-O66 -> 0 | Q66: 0 | S66: =Q66-R66 -> 0 | T66: 0 | V66: =T66-U66 -> 0 | W66: 0 | Y66: =W66-X66 -> 0 | Z66: 0 | AB66: =Z66-AA66 -> 0 | AC66: 0 | AE66: =AC66-AD66 -> 0
A67: 65 | B67: 72010319 | C67: 23 | D67: 10 | E67: HIGH SPEED STEEL HACKSAW BLADES | F67: HIGH SPEED STEEL HACKSAW BLADES(HAND)SIZE 300 X 12.5 X 0.63 MM(12" X 1/2" X 0.02") | G67: NO. | H67: 60 | I67: 85 | J67: =K67+N67+Q67+T67+W67+Z67+AC67 -> 60 | K67: 15 | M67: =K67-L67 -> 15 | N67: 15 | P67: =N67-O67 -> 15 | Q67: 15 | S67: =Q67-R67 -> 15 | T67: 5 | V67: =T67-U67 -> 5 | W67: 5 | Y67: =W67-X67 -> 5 | Z67: 5 | AB67: =Z67-AA67 -> 5 | AC67: 0 | AE67: =AC67-AD67 -> 0
A68: 66 | B68: 68521911 | C68: 24 | D68: 70 | E68: LEAD ACID STORAGE BATTERIES ,6 CELLS, RATED CAPACITY 12 VOLTS, 120/130AH | F68: LEAD ACID STORAGE BATTERIES FOR INDUSTRIAL/MOTOR VEHICLES, 6 CELLS, RATED CAPACITY 12 VOLTS, 120/130AH | G68: NO. | H68: 9 | I68: 2 | J68: =K68+N68+Q68+T68+W68+Z68+AC68 -> 9 | K68: 9 | M68: =K68-L68 -> 9 | N68: 0 | P68: =N68-O68 -> 0 | Q68: 0 | S68: =Q68-R68 -> 0 | T68: 0 | V68: =T68-U68 -> 0 | W68: 0 | Y68: =W68-X68 -> 0 | Z68: 0 | AB68: =Z68-AA68 -> 0 | AC68: 0 | AE68: =AC68-AD68 -> 0
A69: 67 | B69: 47420674 | C69: 24 | D69: 70 | E69: ROOF MOUNTED HEAT EXCHANGER | F69: ROOF MOUNTED HEAT EXCHANGER AS PER DRG NO RWF/EL/SK/WSC A3-2012-028 AIR VOLUME(INTERNAL CKT& OUTER CKT): 965 CUBIC METRE/H; COOLING SURFACE: 4.4 SQ METER | G69: NO. | H69: 2 | I69: 0 | J69: =K69+N69+Q69+T69+W69+Z69+AC69 -> 2 | K69: 2 | M69: =K69-L69 -> 2 | N69: 0 | P69: =N69-O69 -> 0 | Q69: 0 | S69: =Q69-R69 -> 0 | T69: 0 | V69: =T69-U69 -> 0 | W69: 0 | Y69: =W69-X69 -> 0 | Z69: 0 | AB69: =Z69-AA69 -> 0 | AC69: 0 | AE69: =AC69-AD69 -> 0 | AF69: 0 | AG69: 2 | AH69: 0 | AI69: 0
A70: 68 | B70: 43229943 | C70: 24 | D70: 70 | E70: PANEL MOUNTING COOLER UNIT | F70: PANEL MOUNTING COOLER UNIT, OUTPUT COOLING CAPACITY: NOT LESS THAN 2000W, MOUNTING DIMENSIONS: (450 X 1000 X 300 )MM +/- 10 % | G70: NO. | H70: 18 | I70: 9 | J70: =K70+N70+Q70+T70+W70+Z70+AC70 -> 18 | K70: 4 | M70: =K70-L70 -> 4 | N70: 8 | P70: =N70-O70 -> 8 | Q70: 6 | S70: =Q70-R70 -> 6 | T70: 0 | V70: =T70-U70 -> 0 | W70: 0 | Y70: =W70-X70 -> 0 | Z70: 0 | AB70: =Z70-AA70 -> 0 | AC70: 0 | AE70: =AC70-AD70 -> 0
A71: 69 | B71: 43900318 | C71: 24 | D71: 70 | E71: STORAGE TYPE VERTICAL, AUTOMATIC ELECTRIC WATER HEATER | F71: STORAGE TYPE VERTICAL, AUTOMATIC ELECTRIC WATER HEATER WALL MOUNTING TYPE OF CAPACITY 100 LTS.3KW, WITH ADJUSTABLE THERMOSTAT AND LIGHT INDICATION FOR ON CONDITION. SUITABLE TO WORK ON 230V AC VOLTAGE | G71: NO. | H71: 2 | I71: 0 | J71: =K71+N71+Q71+T71+W71+Z71+AC71 -> 2 | K71: 0 | M71: =K71-L71 -> 0 | N71: 2 | P71: =N71-O71 -> 2 | Q71: 0 | S71: =Q71-R71 -> 0 | T71: 0 | V71: =T71-U71 -> 0 | W71: 0 | Y71: =W71-X71 -> 0 | Z71: 0 | AB71: =Z71-AA71 -> 0 | AC71: 0 | AE71: =AC71-AD71 -> 0 | AF71: 2 | AG71: 2 | AH71: 2 | AI71: 0
A72: 70 | B72: 43900010 | C72: 23 | D72: 10 | E72: HEATER CARTRIDGE 600WATT FOR DOME BAKING | F72: HEATER CARTRIDGE 600WATT HEATER CATRIDGE AS PER SPECIFICATION NO:WAP/EL/SPECEN/WS1005 DT 23/07/2002 | G72: NO. | H72: 300 | I72: 75 | J72: =K72+N72+Q72+T72+W72+Z72+AC72 -> 125 | K72: 0 | M72: =K72-L72 -> 0 | N72: 110 | P72: =N72-O72 -> 110 | Q72: 0 | S72: =Q72-R72 -> 0 | T72: 0 | V72: =T72-U72 -> 0 | W72: 0 | Y72: =W72-X72 -> 0 | Z72: 15 | AB72: =Z72-AA72 -> 15 | AC72: 0 | AE72: =AC72-AD72 -> 0
A73: 71 | B73: 43010076 | C73: 23 | D73: 10 | E73: HEATER CARTRIDGES 1500W FOR CORE BAKING | F73: HEATER CARTRIDGES 1500W AS PER SPECIFICATION NO.WAP/EL/SPECEN/WS1006 DT.27/07/2002 | G73: NO. | H73: 400 | I73: 193 | J73: =K73+N73+Q73+T73+W73+Z73+AC73 -> 230 | K73: 0 | M73: =K73-L73 -> 0 | N73: 200 | P73: =N73-O73 -> 200 | Q73: 0 | S73: =Q73-R73 -> 0 | T73: 0 | V73: =T73-U73 -> 0 | W73: 0 | Y73: =W73-X73 -> 0 | Z73: 30 | AB73: =Z73-AA73 -> 30 | AC73: 0 | AE73: =AC73-AD73 -> 0
A74: 72 | B74: 42160029 | C74: 24 | D74: 70 | E74: SHORT WAVE INFRA RED HEATER | F74: SHORT WAVE INFRA RED HEATER, AS PER DRG NO RWF/EL/WSC/2010-012 | G74: NO. | H74: 8 | I74: 19 | J74: =K74+N74+Q74+T74+W74+Z74+AC74 -> 8 | K74: 0 | M74: =K74-L74 -> 0 | N74: 8 | P74: =N74-O74 -> 8 | Q74: 0 | S74: =Q74-R74 -> 0 | T74: 0 | V74: =T74-U74 -> 0 | W74: 0 | Y74: =W74-X74 -> 0 | Z74: 0 | AB74: =Z74-AA74 -> 0 | AC74: 0 | AE74: =AC74-AD74 -> 0
A75: 73 | B75: 47420649 | C75: 24 | D75: 70 | E75: GLOBE TYPE ON/OFF VALVE | F75: GLOBE TYPE ON/OFF VALVE FOR AIR SERVICE MODEL 100 SERIES OR EQUIVALENT WITH 110V, 50HZ AC OPERATED SOLENOID VALVE. THE VALVE SHALL BE OF AIR TO OPEN AND SPRING TO CLOSE TYPE. MAKE: M/S FORBES MARSHALL ARCA,ABB,FLOWSERVE | G75: NO. | H75: 2 | I75: 1 | J75: =K75+N75+Q75+T75+W75+Z75+AC75 -> 2 | K75: 0 | M75: =K75-L75 -> 0 | N75: 2 | P75: =N75-O75 -> 2 | Q75: 0 | S75: =Q75-R75 -> 0 | T75: 0 | V75: =T75-U75 -> 0 | W75: 0 | Y75: =W75-X75 -> 0 | Z75: 0 | AB75: =Z75-AA75 -> 0 | AC75: 0 | AE75: =AC75-AD75 -> 0
A76: 74 | B76: 47420467 | C76: 24 | D76: 70 | E76: GLOBE TYPE CONTROL VALVE | F76: GLOBE TYPE CONTROL VALVE.CONTROL VALVE UNIT AS PER FOLLOWING SPECIFICATION: INLET PRESSURE:45PSI,WORKING TEMP. 40-100 DEGREE C, SERVICE MEDIA: COMPRESSED AIR, SIZE OF THE VALVE:3" | G76: NO. | H76: 2 | I76: 0 | J76: =K76+N76+Q76+T76+W76+Z76+AC76 -> 2 | K76: 0 | M76: =K76-L76 -> 0 | N76: 2 | P76: =N76-O76 -> 2 | Q76: 0 | S76: =Q76-R76 -> 0 | T76: 0 | V76: =T76-U76 -> 0 | W76: 0 | Y76: =W76-X76 -> 0 | Z76: 0 | AB76: =Z76-AA76 -> 0 | AC76: 0 | AE76: =AC76-AD76 -> 0 | AF76: 2 | AG76: 0 | AH76: 2 | AI76: 0
A77: 75 | B77: 43290073 | C77: 24 | D77: 70 | E77: GUAGE PRESSURE TRANSMITTER INPUT SUPPLY MAX: 45 VDC,OUT PUT 4-20MA FOR POURING | F77: GUAGE PRESSURE TRANSMITTER INPUT SUPPLY MAX: 45 VDC,OUT PUT 4-20MA, MAX WP:7KG/CMSQ, CALIBRATION 0 TO 40 PSI. SIMILAR TO MODEL NO.1151GP6E12B1DFM4 OF ROSEMOUNT MAKE | G77: NO. | H77: 2 | I77: 1 | J77: =K77+N77+Q77+T77+W77+Z77+AC77 -> 2 | K77: 0 | M77: =K77-L77 -> 0 | N77: 2 | P77: =N77-O77 -> 2 | Q77: 0 | S77: =Q77-R77 -> 0 | T77: 0 | V77: =T77-U77 -> 0 | W77: 0 | Y77: =W77-X77 -> 0 | Z77: 0 | AB77: =Z77-AA77 -> 0 | AC77: 0 | AE77: =AC77-AD77 -> 0
A78: 76 | B78: 47420145 | C78: 24 | D78: 70 | E78: ELECTRO PNEUMATIC TRANSDUCERS | F78: ELECTRO PNEUMATIC TRANSDUCERS OF INPUT 4-20MA;OUTPUT 3 TO 15 PSI. MODEL NO.7716 OF MOORE MAKE OR EQUIVALENT | G78: NO. | H78: 2 | I78: 1 | J78: =K78+N78+Q78+T78+W78+Z78+AC78 -> 0 | K78: 0 | M78: =K78-L78 -> 0 | N78: 0 | P78: =N78-O78 -> 0 | Q78: 0 | S78: =Q78-R78 -> 0 | T78: 0 | V78: =T78-U78 -> 0 | W78: 0 | Y78: =W78-X78 -> 0 | Z78: 0 | AB78: =Z78-AA78 -> 0 | AC78: 0 | AE78: =AC78-AD78 -> 0 | AF78: 0 | AG78: 1 | AH78: 0 | AI78: 0
A79: 77 | B79: 43050013 | C79: 23 | D79: 70 | E79: NON CONTACT TYPE DIGITAL PYROMETER | F79: NON CONTACT TYPE DIGITAL PYROMETER, SUITABLE FOR TEMPERATURE RANGE UPTO 700DEG C. POWER SUPPLY 10- 30VDC WITH LINEAR ANALOG O/P OF 4-20MA, SUITABLE FOR MEASURING DISTANCE OF MIN. 1MTR, WITH EXTENSION CABLE OF MIN.15MTRS | G79: NO. | H79: 6 | I79: 0 | J79: =K79+N79+Q79+T79+W79+Z79+AC79 -> 6 | K79: 0 | M79: =K79-L79 -> 0 | N79: 6 | P79: =N79-O79 -> 6 | Q79: 0 | S79: =Q79-R79 -> 0 | T79: 0 | V79: =T79-U79 -> 0 | W79: 0 | Y79: =W79-X79 -> 0 | Z79: 0 | AB79: =Z79-AA79 -> 0 | AC79: 0 | AE79: =AC79-AD79 -> 0
A80: 78 | B80: 43830134 | C80: 24 | D80: 70 | E80: MICROPROCESSOR BASED REMOTE TEMPERATURE DISPLAY,SIZE 410X165X60MM | F80: MICROPROCESSOR BASED REMOTE TEMPERATURE DISPLAY,OPERATING VOLTAGE 230V OR 110 AC, INPUT 4-20MA WITH CALIBRATION FACILITY, TO MEASURE TEMPERATURE UPTO 600DEGC. NO. OF DIGITS SHALL BE 3 1/2 WITH LED DISPLAY OF 4",7SEGMENT SUITABLE FOR PANEL/WALL MOUNTING TYPE OF SIZE 410X165X60MM | G80: NO. | H80: 4 | I80: 5 | J80: =K80+N80+Q80+T80+W80+Z80+AC80 -> 4 | K80: 0 | M80: =K80-L80 -> 0 | N80: 4 | P80: =N80-O80 -> 4 | Q80: 0 | S80: =Q80-R80 -> 0 | T80: 0 | V80: =T80-U80 -> 0 | W80: 0 | Y80: =W80-X80 -> 0 | Z80: 0 | AB80: =Z80-AA80 -> 0 | AC80: 0 | AE80: =AC80-AD80 -> 0
A81: 79 | B81: 47240945 | C81: 24 | D81: 70 | E81: 4" DIGITAL TEMPERATURE DISPLAY, 440x175x70mm (WxHxD) | F81: 4" DIGITAL TEMPERATURE DISPLAY, 440x175x70mm (WxHxD) | G81: NO. | H81: 5 | I81: 5 | J81: =K81+N81+Q81+T81+W81+Z81+AC81 -> 0 | K81: 0 | M81: =K81-L81 -> 0 | N81: 0 | P81: =N81-O81 -> 0 | Q81: 0 | S81: =Q81-R81 -> 0 | T81: 0 | V81: =T81-U81 -> 0 | W81: 0 | Y81: =W81-X81 -> 0 | Z81: 0 | AB81: =Z81-AA81 -> 0 | AC81: 0 | AE81: =AC81-AD81 -> 0 | AF81: 1 | AG81: 5 | AH81: 3 | AI81: 0
A82: 80 | B82: 47241652 | C82: 24 | D82: 70 | E82: DIGITAL AMMETER SINGLE PHASE, UNIVERSAL AUXILIARY SUPPLY-80 TO 300VAC/DC, OF SIZE 96X96SQMM | F82: DIGITAL AMMETER SINGLE PHASE,CLASS1.0,PANEL FLUSH MOUNTED,BRIGHT 4 DIGIT 14MM LED DISPLAY,PUSH BUTTON BASED SITE PROGRAMMING OF CT RATIO,UNIVERSAL AUXILIARY SUPPLY-80 TO 300VAC/DC, OF SIZE 96X96SQMM | G82: NO. | H82: 6 | I82: 5 | J82: =K82+N82+Q82+T82+W82+Z82+AC82 -> 6 | K82: 2 | M82: =K82-L82 -> 2 | N82: 2 | P82: =N82-O82 -> 2 | Q82: 2 | S82: =Q82-R82 -> 2 | T82: 0 | V82: =T82-U82 -> 0 | W82: 0 | Y82: =W82-X82 -> 0 | Z82: 0 | AB82: =Z82-AA82 -> 0 | AC82: 0 | AE82: =AC82-AD82 -> 0
A83: 81 | B83: 43080005 | C83: 23 | D83: 10 | E83: "N" TYPE DUPLEX THERMOCOUPLE FOR LPH | F83: "N" TYPE THERMOCOUPLE,DUPLEX ELEMENT,MINERAL INSULATED,THE ELEMENT DIMENSION SHALL BE NOT LESS THAN 1MM. IN 600MM LONG TUBE OF DIA 19MM COMPLETE WITH ADJUSTABLE FLANGE AND CAST ALUMINIUM HEAD WITH JUNCTION BOX | G83: NO. | H83: 24 | I83: 24 | J83: =K83+N83+Q83+T83+W83+Z83+AC83 -> 24 | K83: 12 | M83: =K83-L83 -> 12 | N83: 12 | P83: =N83-O83 -> 12 | Q83: 0 | S83: =Q83-R83 -> 0 | T83: 0 | V83: =T83-U83 -> 0 | W83: 0 | Y83: =W83-X83 -> 0 | Z83: 0 | AB83: =Z83-AA83 -> 0 | AC83: 0 | AE83: =AC83-AD83 -> 0
A84: 82 | B84: 43020021 | C84: 21 | D84: 70 | E84: "N" TYPE DUPLEX THERMOCOUPLE FOR NF | F84: N' TYPE THERMOCOUPLE DUPLEX MINERAL INSULATED FOR WORKING TEMPERATURE OF 1200 DEG.CONTINOUS. HOT JUNCTION UNGROUNDED THE LENGTH OF THE THEMOCOUPLE 650 MM | G84: NO. | H84: 40 | I84: 45 | J84: =K84+N84+Q84+T84+W84+Z84+AC84 -> 30 | K84: 0 | M84: =K84-L84 -> 0 | N84: 0 | P84: =N84-O84 -> 0 | Q84: 30 | S84: =Q84-R84 -> 30 | T84: 0 | V84: =T84-U84 -> 0 | W84: 0 | Y84: =W84-X84 -> 0 | Z84: 0 | AB84: =Z84-AA84 -> 0 | AC84: 0 | AE84: =AC84-AD84 -> 0
A85: 83 | B85: 43900320 | C85: 23 | D85: 10 | E85: "J" TYPE SIMPLEX THERMOCOUPLE | F85: J TYPE THERMOCOUPLE SIMPLEX MINERAL INSULATED FOR WORKING TEMPERATURE OF 500 DEG C,UNGROUNDED AS PER DRAWING NO:RWF/EL/WSC/TC/A4-2008 008 R.1 | G85: NO. | H85: 240 | I85: 167 | J85: =K85+N85+Q85+T85+W85+Z85+AC85 -> 195 | K85: 0 | M85: =K85-L85 -> 0 | N85: 180 | P85: =N85-O85 -> 180 | Q85: 15 | S85: =Q85-R85 -> 15 | T85: 0 | V85: =T85-U85 -> 0 | W85: 0 | Y85: =W85-X85 -> 0 | Z85: 0 | AB85: =Z85-AA85 -> 0 | AC85: 0 | AE85: =AC85-AD85 -> 0
A86: 84 | B86: 43010507 | C86: 24 | D86: 70 | E86: "J" TYPE DUPLEX THERMOCOUPLE | F86: " J TYPE THERMOCOUPLE DUPLEX MINERAL INSULATED FOR WORKING TEMPERATURE OF 600 DEG CONTINUOUS.HOT JUCTION UNGROUNDED.THE LENGTH OF THE THERMOCOUPLE 1000MM WITH ADJUSTABLE FLANGE | G86: NO. | H86: 10 | I86: 1 | J86: =K86+N86+Q86+T86+W86+Z86+AC86 -> 0 | K86: 0 | M86: =K86-L86 -> 0 | N86: 0 | P86: =N86-O86 -> 0 | Q86: 0 | S86: =Q86-R86 -> 0 | T86: 0 | V86: =T86-U86 -> 0 | W86: 0 | Y86: =W86-X86 -> 0 | Z86: 0 | AB86: =Z86-AA86 -> 0 | AC86: 0 | AE86: =AC86-AD86 -> 0 | AF86: 10 | AG86: 10 | AH86: 20 | AI86: 0
A87: 85 | B87: 47420662 | C87: 24 | D87: 70 | E87: BRASS END TERMINALS FOR MPO HEATERS | F87: BRASS END TERMINALS FOR MPO HEATERS AS PER DRAWING NO.WAP/EL/SK/744 | G87: NO. | H87: 1000 | I87: 1000 | J87: =K87+N87+Q87+T87+W87+Z87+AC87 -> 100 | K87: 0 | M87: =K87-L87 -> 0 | N87: 100 | P87: =N87-O87 -> 100 | Q87: 0 | S87: =Q87-R87 -> 0 | T87: 0 | V87: =T87-U87 -> 0 | W87: 0 | Y87: =W87-X87 -> 0 | Z87: 0 | AB87: =Z87-AA87 -> 0 | AC87: 0 | AE87: =AC87-AD87 -> 0
A88: 86 | B88: 47420157 | C88: 24 | D88: 10 | E88: COPPER PIN TYPE TUBULAR LUGS FOR COPPER CONDUCTORS SIZE 16 SQ.MM | F88: COPPER PIN TYPE ELECTRO TINNED TERMINAL ENDS FOR SOLDERLESS CRIMPING TO COPPER CONDUCTORS 16SQMM | G88: NO. | H88: 4500 | I88: 8500 | J88: =K88+N88+Q88+T88+W88+Z88+AC88 -> 600 | K88: 100 | M88: =K88-L88 -> 100 | N88: 500 | P88: =N88-O88 -> 500 | Q88: 0 | S88: =Q88-R88 -> 0 | T88: 0 | V88: =T88-U88 -> 0 | W88: 0 | Y88: =W88-X88 -> 0 | Z88: 0 | AB88: =Z88-AA88 -> 0 | AC88: 0 | AE88: =AC88-AD88 -> 0
A89: 87 | B89: 47420534 | C89: 24 | D89: 70 | E89: COPPER TUBULAR LUGS FOR COPPER CONDUCTORS SIZE 35 SQ.MM | F89: COPPER TUBULAR ELECTRO TINNED END TERMINALS FOR SOLDERLESS CRIMPING TO COPPER CONDUCTORS SIZE 35SQ.MM | G89: NO. | H89: 200 | I89: 90 | J89: =K89+N89+Q89+T89+W89+Z89+AC89 -> 200 | K89: 100 | M89: =K89-L89 -> 100 | N89: 100 | P89: =N89-O89 -> 100 | Q89: 0 | S89: =Q89-R89 -> 0 | T89: 0 | V89: =T89-U89 -> 0 | W89: 0 | Y89: =W89-X89 -> 0 | Z89: 0 | AB89: =Z89-AA89 -> 0 | AC89: 0 | AE89: =AC89-AD89 -> 0
A90: 88 | B90: 43010120 | C90: 23 | D90: 10 | E90: COPPER TUBULAR LUGS FOR COPPER CONDUCTORS SIZE 50 SQ.MM | F90: COPPER TUBULAR ELECTRO TINNED TERMINALS ENDS FOR SOLDERLESS CRIMPING TO COPPER CONDUCTORS SIZE 50 SQMM | G90: NO. | H90: 750 | I90: 1083 | J90: =K90+N90+Q90+T90+W90+Z90+AC90 -> 400 | K90: 200 | M90: =K90-L90 -> 200 | N90: 200 | P90: =N90-O90 -> 200 | Q90: 0 | S90: =Q90-R90 -> 0 | T90: 0 | V90: =T90-U90 -> 0 | W90: 0 | Y90: =W90-X90 -> 0 | Z90: 0 | AB90: =Z90-AA90 -> 0 | AC90: 0 | AE90: =AC90-AD90 -> 0
A91: 89 | B91: 47420595 | C91: 24 | D91: 10 | E91: COPPER TUBULAR LUGS FOR COPPER CONDUCTORS SIZE 70 SQ.MM | F91: COPPER TUBULAR ELECTRO TINNED TERMINAL ENDS FOR SOLDERLESS CRIMPINNG TO COPPER CONDUCTORS SIZE 70 SQ.MM | G91: NO. | H91: 250 | I91: 342 | J91: =K91+N91+Q91+T91+W91+Z91+AC91 -> 250 | K91: 75 | M91: =K91-L91 -> 75 | N91: 75 | P91: =N91-O91 -> 75 | Q91: 25 | S91: =Q91-R91 -> 25 | T91: 25 | V91: =T91-U91 -> 25 | W91: 25 | Y91: =W91-X91 -> 25 | Z91: 25 | AB91: =Z91-AA91 -> 25 | AC91: 0 | AE91: =AC91-AD91 -> 0
A92: 90 | B92: 43290048 | C92: 24 | D92: 70 | E92: COPPER TUBULAR LUGS FOR COPPER CONDUCTORS SIZE 120 SQ.MM | F92: COPPER TUBULAR ELECTRO TINNED TERMINAL ENDS FOR SOLDERLESS CRIMPING TO COPPER CONDUCTORS SIZE 120 SQ.MM | G92: NO. | H92: 50 | I92: 50 | J92: =K92+N92+Q92+T92+W92+Z92+AC92 -> 50 | K92: 50 | M92: =K92-L92 -> 50 | N92: 0 | P92: =N92-O92 -> 0 | Q92: 0 | S92: =Q92-R92 -> 0 | T92: 0 | V92: =T92-U92 -> 0 | W92: 0 | Y92: =W92-X92 -> 0 | Z92: 0 | AB92: =Z92-AA92 -> 0 | AC92: 0 | AE92: =AC92-AD92 -> 0
A93: 91 | B93: 47420182 | C93: 24 | D93: 10 | E93: MICANITE TUBES | F93: MICANITE TUBES 5/8" (15.8MM) O.D. X 1/2" (12.5MM) I.D. OF 80 MM LENGTHS | G93: NO. | H93: 600 | I93: 830 | J93: =K93+N93+Q93+T93+W93+Z93+AC93 -> 600 | K93: 0 | M93: =K93-L93 -> 0 | N93: 600 | P93: =N93-O93 -> 600 | Q93: 0 | S93: =Q93-R93 -> 0 | T93: 0 | V93: =T93-U93 -> 0 | W93: 0 | Y93: =W93-X93 -> 0 | Z93: 0 | AB93: =Z93-AA93 -> 0 | AC93: 0 | AE93: =AC93-AD93 -> 0
A94: 92 | B94: 47420169 | C94: 24 | D94: 70 | E94: FABRICATED M.S. TROLLEY BRACKET FOR EOT CRANES | F94: FABRICATED M.S. TROLLEY BRACKET COMPLETE WITH SEALED BEARINGS COMPLETE SET AS PER DRAWING NO. WAP/EL/368 ( ONE SET CONSISTING OF 4 BRACKETS AND 4 BEARINGS) | G94: NO. | H94: 40 | I94: 14 | J94: =K94+N94+Q94+T94+W94+Z94+AC94 -> 40 | K94: 40 | M94: =K94-L94 -> 40 | N94: 0 | P94: =N94-O94 -> 0 | Q94: 0 | S94: =Q94-R94 -> 0 | T94: 0 | V94: =T94-U94 -> 0 | W94: 0 | Y94: =W94-X94 -> 0 | Z94: 0 | AB94: =Z94-AA94 -> 0 | AC94: 0 | AE94: =AC94-AD94 -> 0
A95: 93 | B95: 47420443 | C95: 24 | D95: 70 | E95: GRAVITY TYPE CURRENT COLLECTOR FOR EOT CRANE | F95: GRAVITY TYPE CURRENT COLLECTOR AS PER DRAWING NO: WAP/EL/SK/588 | G95: NO. | H95: 24 | I95: 10 | J95: =K95+N95+Q95+T95+W95+Z95+AC95 -> 16 | K95: 16 | M95: =K95-L95 -> 16 | N95: 0 | P95: =N95-O95 -> 0 | Q95: 0 | S95: =Q95-R95 -> 0 | T95: 0 | V95: =T95-U95 -> 0 | W95: 0 | Y95: =W95-X95 -> 0 | Z95: 0 | AB95: =Z95-AA95 -> 0 | AC95: 0 | AE95: =AC95-AD95 -> 0
A96: 94 | B96: 47120010 | C96: 24 | D96: 70 | E96: SET OF CURRENT COLLECTOR FOR MONO RAILS | F96: SET OF CURRENT COLLECTOR CONSISTING OF 1NUMBER COLLECTOR PT NO.1-18150-000 AND 1NUMBER COLLECTOR SHOES PT NO.1-18151 SUITABLE FOR CLEVELAND SAFPOWRBAR | G96: SET | H96: 16 | I96: 0 | J96: =K96+N96+Q96+T96+W96+Z96+AC96 -> 16 | K96: 0 | M96: =K96-L96 -> 0 | N96: 8 | P96: =N96-O96 -> 8 | Q96: 8 | S96: =Q96-R96 -> 8 | T96: 0 | V96: =T96-U96 -> 0 | W96: 0 | Y96: =W96-X96 -> 0 | Z96: 0 | AB96: =Z96-AA96 -> 0 | AC96: 0 | AE96: =AC96-AD96 -> 0
A97: 95 | B97: 47380081 | C97: 24 | D97: 10 | E97: MOULD PRE HEAT HEATING ELEMENT | F97: HEATING ELEMENT MOULD PRE HEAT HEATING ELEMENT OF 2.9KW AT 110V | G97: NO. | H97: 600 | I97: 939 | J97: =K97+N97+Q97+T97+W97+Z97+AC97 -> 600 | K97: 0 | M97: =K97-L97 -> 0 | N97: 600 | P97: =N97-O97 -> 600 | Q97: 0 | S97: =Q97-R97 -> 0 | T97: 0 | V97: =T97-U97 -> 0 | W97: 0 | Y97: =W97-X97 -> 0 | Z97: 0 | AB97: =Z97-AA97 -> 0 | AC97: 0 | AE97: =AC97-AD97 -> 0
A98: 96 | B98: 47380068 | C98: 24 | D98: 70 | E98: MOULD HOLDING OVEN HEATING ELEMENT | F98: MOULD HOLDING OVEN HEATING ELEMENT AS PER OUR DRG NO. WAP/EL /SK /848 R2 | G98: NO. | H98: 100 | I98: 132 | J98: =K98+N98+Q98+T98+W98+Z98+AC98 -> 100 | K98: 0 | M98: =K98-L98 -> 0 | N98: 100 | P98: =N98-O98 -> 100 | Q98: 0 | S98: =Q98-R98 -> 0 | T98: 0 | V98: =T98-U98 -> 0 | W98: 0 | Y98: =W98-X98 -> 0 | Z98: 0 | AB98: =Z98-AA98 -> 0 | AC98: 0 | AE98: =AC98-AD98 -> 0
A99: 97 | B99: 47380070 | C99: 24 | D99: 70 | E99: TUBE PRE HEAT HEATING ELEMENT | F99: HEATING ELEMENT FOR TUBE PRE-HEAT OVEN AS PER DRAWING NO.WAP/EL/SK 435 R5 | G99: NO. | H99: 18 | I99: 5 | J99: =K99+N99+Q99+T99+W99+Z99+AC99 -> 18 | K99: 0 | M99: =K99-L99 -> 0 | N99: 18 | P99: =N99-O99 -> 18 | Q99: 0 | S99: =Q99-R99 -> 0 | T99: 0 | V99: =T99-U99 -> 0 | W99: 0 | Y99: =W99-X99 -> 0 | Z99: 0 | AB99: =Z99-AA99 -> 0 | AC99: 0 | AE99: =AC99-AD99 -> 0
A100: 98 | B100: 47380056 | C100: 24 | D100: 70 | E100: TUBE HOLDING OVEN HEATING ELEMENT | F100: HEATING ELEMENT FOR TUBE HOLDING OVEN. AS PER DRAWING NO.WAP/EL/SK-759 R2 | G100: NO. | H100: 24 | I100: 22 | J100: =K100+N100+Q100+T100+W100+Z100+AC100 -> 24 | K100: 0 | M100: =K100-L100 -> 0 | N100: 24 | P100: =N100-O100 -> 24 | Q100: 0 | S100: =Q100-R100 -> 0 | T100: 0 | V100: =T100-U100 -> 0 | W100: 0 | Y100: =W100-X100 -> 0 | Z100: 0 | AB100: =Z100-AA100 -> 0 | AC100: 0 | AE100: =AC100-AD100 -> 0 | AF100: 23 | AG100: 18 | AH100: 10 | AI100: 0
A101: 99 | B101: 42027913 | C101: 24 | D101: 70 | E101: POWER CONTACTOR, MECHANICALLY INTERLOCKED FORWARD REVERSE, 16A, 24 AC | F101: FORWARD & REVERSE POWER CONTACTOR SET 16 AMPS MECHANICALLY INTERLOCKED 3 POLE AC POWER CONTACTOR RATED FOR 16 AMPS | G101: SET | H101: 80 | I101: 15 | J101: =K101+N101+Q101+T101+W101+Z101+AC101 -> 80 | K101: 15 | M101: =K101-L101 -> 15 | N101: 25 | P101: =N101-O101 -> 25 | Q101: 30 | S101: =Q101-R101 -> 30 | T101: 0 | V101: =T101-U101 -> 0 | W101: 0 | Y101: =W101-X101 -> 0 | Z101: 10 | AB101: =Z101-AA101 -> 10 | AC101: 0 | AE101: =AC101-AD101 -> 0
A102: 100 | B102: 45219138 | C102: 24 | D102: 70 | E102: POWER CONTACTOR, 16A, 110V AC | F102: POWER CONACTOR 16A 3 POLE, 3PH, 415V, AC, AC-3 DUTY COIL OPERATING VOLTAGE 110V AC 50Hz | G102: NO. | H102: 60 | I102: 56 | J102: =K102+N102+Q102+T102+W102+Z102+AC102 -> 60 | K102: 15 | M102: =K102-L102 -> 15 | N102: 15 | P102: =N102-O102 -> 15 | Q102: 15 | S102: =Q102-R102 -> 15 | T102: 5 | V102: =T102-U102 -> 5 | W102: 5 | Y102: =W102-X102 -> 5 | Z102: 5 | AB102: =Z102-AA102 -> 5 | AC102: 0 | AE102: =AC102-AD102 -> 0
A103: 101 | B103: 42029417 | C103: 23 | D103: 70 | E103: POWER CONTACTOR, 16A, 230V AC | F103: POWER CONTACTOR 3POLE 16A,AC3 DUTY,415V,50HZ.AUXILIARY CONTACT 2NO+2NC RATED FOR 4A AT AC15 DUTY. THE OPERATING COIL VOLTAGE 230V,50HZ AC | G103: NO. | H103: 35 | I103: 0 | J103: =K103+N103+Q103+T103+W103+Z103+AC103 -> 35 | K103: 10 | M103: =K103-L103 -> 10 | N103: 10 | P103: =N103-O103 -> 10 | Q103: 0 | S103: =Q103-R103 -> 0 | T103: 5 | V103: =T103-U103 -> 5 | W103: 5 | Y103: =W103-X103 -> 5 | Z103: 5 | AB103: =Z103-AA103 -> 5 | AC103: 0 | AE103: =AC103-AD103 -> 0
A104: 102 | B104: 47241366 | C104: 24 | D104: 70 | E104: POWER CONTACTOR, 16A, 440V AC | F104: POWER CONTACTOR COMPACT TYPE WITH SIDE COIL CONNECTION, 16A 3PHP 3 POLE, 440V AC | G104: NO. | H104: 25 | I104: 12 | J104: =K104+N104+Q104+T104+W104+Z104+AC104 -> 10 | K104: 10 | M104: =K104-L104 -> 10 | N104: 0 | P104: =N104-O104 -> 0 | Q104: 0 | S104: =Q104-R104 -> 0 | T104: 0 | V104: =T104-U104 -> 0 | W104: 0 | Y104: =W104-X104 -> 0 | Z104: 0 | AB104: =Z104-AA104 -> 0 | AC104: 0 | AE104: =AC104-AD104 -> 0
...

Sheet APRIL 2026
A1: S.NO. | B1: SECTION | C1: PL NO. | D1: ITEM SHORT DESCRIPTION | E1: DRAWN
A2: 1 | B2: EMR | C2: 40050178 | D2: =VLOOKUP(C2,'PL NO.'!$B$3:$Q$374,4,0) -> COPPER CABLE, 25SQ.MM, 4 CORE, ARMOURED | E2: 50
A3: 2 | B3: SHIFT/EWFPS | C3: 40120211 | D3: =VLOOKUP(C3,'PL NO.'!$B$3:$Q$374,4,0) -> COMPENSATING CABLE, 'S' TYPE, 1.5 SQ.MM, 2 CORE | E3: 50
A4: 3 | B4: EMR | C4: 40124794 | D4: =VLOOKUP(C4,'PL NO.'!$B$3:$Q$374,4,0) -> COPPER CABLE, 1 SQ.MM TEFLON INSULATED, RED COLOUR | E4: 100
A5: 4 | B5: EMS | C5: 40124800 | D5: =VLOOKUP(C5,'PL NO.'!$B$3:$Q$374,4,0) -> BUTYL RUBBER 95SQMM,1 CORE CABLE FOR EOT CRANE | E5: 100
A6: 5 | B6: EMS | C6: 40124861 | D6: =VLOOKUP(C6,'PL NO.'!$B$3:$Q$374,4,0) -> BUTYL RUBBER 70SQMM, 2 CORE CABLE FOR EOT CRANE | E6: 25
A7: 6 | B7: EMS | C7: 40125555 | D7: =VLOOKUP(C7,'PL NO.'!$B$3:$Q$374,4,0) -> WATER COOLED CABLE FOR EAF | E7: 6
A8: 7 | B8: EMR | C8: 41011466 | D8: =VLOOKUP(C8,'PL NO.'!$B$3:$Q$374,4,0) -> GLASS EPOXY SHEET | E8: 50
A9: 8 | B9: EMS | C9: 41077763 | D9: =VLOOKUP(C9,'PL NO.'!$B$3:$Q$374,4,0) -> PRESSURE SENSITIVE ADHESIVE PVC TAPES BLUE COLOUR | E9: 500
A10: 9 | B10: EWFPS | C10: 41077763 | D10: =VLOOKUP(C10,'PL NO.'!$B$3:$Q$374,4,0) -> PRESSURE SENSITIVE ADHESIVE PVC TAPES BLUE COLOUR | E10: 800
A11: 10 | B11: SHIFT/EMR | C11: 41077763 | D11: =VLOOKUP(C11,'PL NO.'!$B$3:$Q$374,4,0) -> PRESSURE SENSITIVE ADHESIVE PVC TAPES BLUE COLOUR | E11: 200
A12: 11 | B12: SHIFT/EMS | C12: 41077763 | D12: =VLOOKUP(C12,'PL NO.'!$B$3:$Q$374,4,0) -> PRESSURE SENSITIVE ADHESIVE PVC TAPES BLUE COLOUR | E12: 300
A13: 12 | B13: SHIFT/EWFPS | C13: 41077763 | D13: =VLOOKUP(C13,'PL NO.'!$B$3:$Q$374,4,0) -> PRESSURE SENSITIVE ADHESIVE PVC TAPES BLUE COLOUR | E13: 100
... A90: 89 | B90: EMS | C90: 83049400 | D90: =VLOOKUP(C90,'PL NO.'!$B$3:$Q$374,4,0) -> PAPER PHOTOCOPIER | E90: 1

Sheet MAY 2026
A1: S.NO. | B1: SECTION | C1: PL NO. | D1: ITEM SHORT DESCRIPTION | E1: DRAWN
A2: 1 | B2: EMR | C2: 47050019 | D2: =VLOOKUP(C2,'PL NO.'!$B$3:$Q$374,4,0) -> 3HP, 4P, 100L, 72RPM RIGHT ANGLED FOOT MOUNTED IEC GEARED MOTOR | E2: 5
A3: 2 | B3: SHIFT/EWFPS | C3: 42113234 | D3: =VLOOKUP(C3,'PL NO.'!$B$3:$Q$374,4,0) -> PIGMY LAMPS 15W 230V AC | E3: 2
A4: 3 | B4: EMS | C4: 46150079 | D4: =VLOOKUP(C4,'PL NO.'!$B$3:$Q$374,4,0) -> 12KV, 26.3K/3SEC, 1250A, VCB OF SIEMENS MAKE TYPE: 3AHO | E4: 2
A5: 4 | B5: EMS | C5: 47241573 | D5: =VLOOKUP(C5,'PL NO.'!$B$3:$Q$374,4,0) -> JOYSTIC CONTROLLER | E5: 3
A6: 5 | B6: EMS | C6: 47050214 | D6: =VLOOKUP(C6,'PL NO.'!$B$3:$Q$374,4,0) -> 2HP, 4P, 90L, FLANGE MOUNTED SQ CAGE INDUCTION MOTOR WITH BRAKE | E6: 1
A7: 6 | B7: EMS | C7: 47050676 | D7: =VLOOKUP(C7,'PL NO.'!$B$3:$Q$374,4,0) -> 5HP, 6P, 132S, FOOT MOUNTED SQ CAGE INDUCTION MOTOR | E7: 2
A8: 7 | B8: EGS | C8: 83057262 | D8: =VLOOKUP(C8,'PL NO.'!$B$3:$Q$374,4,0) -> FILE COVERS CARD BOARD THIN | E8: 50
A9: 8 | B9: EMR | C9: 46120324 | D9: =VLOOKUP(C9,'PL NO.'!$B$3:$Q$374,4,0) -> COPPER BUS BAR FOR SPRUE WASH | E9: 13
A10: 9 | B10: EMR | C10: 41011466 | D10: =VLOOKUP(C10,'PL NO.'!$B$3:$Q$374,4,0) -> GLASS EPOXY SHEET | E10: 50
A11: 10 | B11: EMR | C11: 47380056 | D11: =VLOOKUP(C11,'PL NO.'!$B$3:$Q$374,4,0) -> TUBE HOLDING OVEN HEATING ELEMENT | E11: 6
A12: 11 | B12: EMR | C12: 47241512 | D12: =VLOOKUP(C12,'PL NO.'!$B$3:$Q$374,4,0) -> MPCB, RATED CURRENT 6A, CURRENT SETTING 4- 6A | E12: 10
A13: 12 | B13: EMR | C13: 45219138 | D13: =VLOOKUP(C13,'PL NO.'!$B$3:$Q$374,4,0) -> POWER CONTACTOR, 16A, 110V AC | E13: 10
... A91: 90 | B91: EMR | C91: 43010076 | D91: =VLOOKUP(C91,'PL NO.'!$B$3:$Q$374,4,0) -> HEATER CARTRIDGES 1500W FOR CORE BAKING | E91: 60
